# {"t_start": 1588149539.9980092, "env_id": "DartHopperPT-v1"} 
r,l,t
5902.499556,1000,1.818112
